YEAR,TEAM NO,TEAM,SEED,ROUND,POWER RATING,POWER RATING RANK
2024,1067,Connecticut,1,1,95.6,4
2024,1056,Houston,1,16,94.9,8
2024,1033,Purdue,1,2,93.5,15
2024,1038,North Carolina,1,16,90.2,49
2024,1077,Arizona,2,16,91.6,29
2024,1053,Iowa St.,2,16,91,37
2024,1024,Tennessee,2,8,90.6,46
2024,1047,Marquette,2,16,89.5,60
2024,1066,Creighton,3,16,89.6,58
2024,1054,Illinois,3,8,89.4,64
2024,1075,Baylor,3,32,88.4,88
2024,1050,Kentucky,3,64,87.7,105
2024,1076,Auburn,4,64,90.9,39
2024,1063,Duke,4,8,90.1,51
2024,1078,Alabama,4,4,87.8,101
2024,1051,Kansas,4,32,87.8,101
2024,1059,Gonzaga,5,16,88,94
2024,1032,Saint Mary's,5,64,86.8,129
2024,1013,Wisconsin,5,64,86.6,137
2024,1029,San Diego St.,5,16,85.6,171
2024,1073,BYU,6,64,86.1,154
2024,1021,Texas Tech,6,64,85.6,171
2024,1072,Clemson,6,8,83.8,237
2024,1028,South Carolina,6,64,82,309
2024,1023,Texas,7,32,86.2,152
2024,1061,Florida,7,64,85.7,168
2024,1015,Washington St.,7,32,83.5,247
2024,1065,Dayton,7,32,83.1,258
2024,1044,Mississippi St.,8,64,85,189
2024,1060,Florida Atlantic,8,64,84.9,191
2024,1041,Nebraska,8,64,84.4,216
2024,1019,Utah St.,8,32,82.3,300
2024,1045,Michigan St.,9,32,87.1,121
2024,1025,TCU,9,64,85,189
2024,1022,Texas A&M,9,32,84.9,191
2024,1036,Northwestern,9,32,83.5,247
2024,1069,Colorado,10,32,84.9,191
2024,1074,Boise St.,10,68,82.9,272
2024,1064,Drake,10,64,82.9,272
2024,1040,Nevada,10,64,82.8,278
2024,1017,Virginia,10,68,81.6,328
2024,1068,Colorado St.,10,64,81.4,335
2024,1039,New Mexico,11,64,84,230
2024,1034,Oregon,11,32,82.7,283
2024,1037,North Carolina St.,11,4,82.3,300
2024,1062,Duquesne,11,32,79,394
2024,1057,Grand Canyon,12,32,81.2,347
2024,1052,James Madison,12,32,81.2,347
2024,1020,UAB,12,64,78.5,402
2024,1046,McNeese St.,12,64,78.3,410
2024,1012,Yale,13,32,79.6,382
2024,1070,College of Charleston,13,64,79.5,387
2024,1018,Vermont,13,64,78.9,395
2024,1030,Samford,13,64,78.5,402
2024,1079,Akron,14,64,76.7,435
2024,1071,Colgate,14,64,76.2,444
2024,1042,Morehead St.,14,64,75.9,450
2024,1035,Oakland,14,32,74.4,471
2024,1014,Western Kentucky,15,64,74.7,467
2024,1027,South Dakota St.,15,64,74.5,470
2024,1049,Long Beach St.,15,64,72.7,493
2024,1031,Saint Peter's,15,64,71,510
2024,1048,Longwood,16,64,73.4,481
2024,1043,Montana St.,16,68,71.1,509
2024,1026,Stetson,16,64,70.7,515
2024,1055,Howard,16,68,68.4,530
2024,1058,Grambling St.,16,64,68,532
2024,1016,Wagner,16,64,66.4,541
2023,993,Houston,1,16,93.2,16
2023,1011,Alabama,1,16,92.6,19
2023,986,Kansas,1,32,89.6,58
2023,963,Purdue,1,64,89.5,60
2023,957,Texas,2,8,90.1,51
2023,1010,Arizona,2,64,89,71
2023,952,UCLA,2,16,88.3,91
2023,980,Marquette,2,32,87.6,109
2023,995,Gonzaga,3,8,89.9,55
2023,1006,Baylor,3,32,87.1,121
2023,985,Kansas St.,3,8,84.5,210
2023,944,Xavier,3,16,84.4,216
2023,1002,Connecticut,4,1,89.2,69
2023,958,Tennessee,4,16,86.9,127
2023,990,Indiana,4,32,85.8,165
2023,946,Virginia,4,64,83.8,237
2023,999,Duke,5,32,87.1,121
2023,961,San Diego St.,5,2,86,158
2023,962,Saint Mary's,5,32,85.9,162
2023,977,Miami FL,5,4,83.6,243
2023,1001,Creighton,6,8,87.6,109
2023,982,Kentucky,6,32,86,158
2023,959,TCU,6,32,85.4,178
2023,987,Iowa St.,6,64,84.5,210
2023,956,Texas A&M,7,64,85.1,183
2023,976,Michigan St.,7,16,83.8,237
2023,969,Northwestern,7,32,82.2,305
2023,974,Missouri,7,32,81.4,335
2023,1008,Arkansas,8,16,85.1,183
2023,978,Memphis,8,64,84.9,191
2023,979,Maryland,8,32,84.5,210
2023,988,Iowa,8,64,84.4,216
2023,1007,Auburn,9,32,84.9,191
2023,991,Illinois,9,64,84.5,210
2023,945,West Virginia,9,64,84.2,225
2023,997,Florida Atlantic,9,4,82.6,286
2023,949,Utah St.,10,64,83.5,247
2023,950,USC,10,64,83,264
2023,967,Penn St.,10,32,82.8,278
2023,1005,Boise St.,10,64,82.6,286
2023,964,Providence,11,64,82.8,278
2023,975,Mississippi St.,11,68,81.8,315
2023,971,North Carolina St.,11,64,81.4,335
2023,1009,Arizona St.,11,64,80.3,365
2023,966,Pittsburgh,11,32,79.7,379
2023,972,Nevada,11,68,79.6,382
2023,948,VCU,12,64,81.7,321
2023,1000,Drake,12,64,81.2,347
2023,1003,College of Charleston,12,64,79.8,376
2023,968,Oral Roberts,12,64,79.2,392
2023,989,Iona,13,64,79.6,382
2023,983,Kent St.,13,64,79.4,389
2023,996,Furman,13,32,78.2,412
2023,981,Louisiana Lafayette,13,64,76.3,441
2023,994,Grand Canyon,14,64,75.9,450
2023,953,UC Santa Barbara,14,64,75.5,457
2023,973,Montana St.,14,64,75.3,461
2023,984,Kennesaw St.,14,64,73.3,483
2023,947,Vermont,15,64,76.3,441
2023,1004,Colgate,15,64,76.2,444
2023,965,Princeton,15,16,75.4,460
2023,951,UNC Asheville,15,64,73,488
2023,970,Northern Kentucky,16,64,72.9,489
2023,955,Texas A&M Corpus Chris,16,64,69.9,520
2023,992,Howard,16,64,69.3,524
2023,960,Southeast Missouri St.,16,68,67.7,535
2023,954,Texas Southern,16,68,66.6,540
2023,998,Fairleigh Dickinson,16,32,64.4,544
2022,925,Gonzaga,1,16,96.5,1
2022,918,Kansas,1,1,91.3,30
2022,941,Arizona,1,16,90.9,39
2022,924,Houston,1,8,88.7,81
2022,938,Baylor,1,32,87.7,105
2022,917,Kentucky,2,64,91.2,33
2022,881,Villanova,2,4,90.2,49
2022,939,Auburn,2,32,89.5,60
2022,927,Duke,2,4,89.3,66
2022,890,Tennessee,3,32,88.9,77
2022,886,Texas Tech,3,16,88.7,81
2022,879,Wisconsin,3,32,84.7,202
2022,884,UCLA,4,16,89.8,56
2022,900,Purdue,4,16,89.1,70
2022,940,Arkansas,4,8,86.8,129
2022,923,Illinois,4,32,86.8,129
2022,901,Providence,4,16,82.7,283
2022,921,Iowa,5,64,89,71
2022,931,Connecticut,5,64,86.4,145
2022,897,Saint Mary's,5,32,84.3,224
2022,889,Texas,6,32,86.3,149
2022,914,LSU,6,64,85.7,168
2022,942,Alabama,6,64,85.2,182
2022,932,Colorado St.,6,64,81.7,321
2022,902,Ohio St.,7,32,84.2,225
2022,909,Michigan St.,7,32,83.5,247
2022,883,USC,7,64,83,264
2022,907,Murray St.,7,32,81.3,339
2022,904,North Carolina,8,2,84,230
2022,895,San Diego St.,8,64,83.5,247
2022,893,Seton Hall,8,64,82.6,286
2022,937,Boise St.,8,64,82.5,293
2022,912,Memphis,9,32,84.9,191
2022,913,Marquette,9,64,81.9,310
2022,891,TCU,9,32,81.9,310
2022,930,Creighton,9,32,81.5,332
2022,915,Loyola Chicago,10,64,83.7,241
2022,929,Davidson,10,64,81.8,315
2022,894,San Francisco,10,64,81.8,315
2022,911,Miami FL,10,8,81.1,355
2022,910,Michigan,11,16,84.7,202
2022,880,Virginia Tech,11,64,84.7,202
2022,903,Notre Dame,11,32,81.6,328
2022,898,Rutgers,11,68,81.1,355
2022,920,Iowa St.,11,16,80.6,364
2022,922,Indiana,12,64,83,264
2022,885,UAB,12,64,81.2,347
2022,899,Richmond,12,32,79.9,373
2022,877,Wyoming,12,68,78.5,402
2022,906,New Mexico St.,12,32,77.7,422
2022,882,Vermont,13,64,80.3,365
2022,892,South Dakota St.,13,64,79.7,379
2022,934,Chattanooga,13,64,78.7,399
2022,943,Akron,13,64,76.7,435
2022,933,Colgate,14,64,76.4,439
2022,876,Yale,14,64,74.7,467
2022,908,Montana St.,14,64,74.3,472
2022,916,Longwood,14,64,73.4,481
2022,896,Saint Peter's,15,8,74.2,475
2022,928,Delaware,15,64,73.6,478
2022,919,Jacksonville St.,15,64,73.2,487
2022,935,Cal St. Fullerton,15,64,71.8,500
2022,926,Georgia St.,16,64,73.5,479
2022,878,Wright St.,16,64,73.5,479
2022,936,Bryant,16,68,71.6,504
2022,905,Norfolk St.,16,64,71.4,505
2022,887,Texas Southern,16,64,70.4,516
2022,888,Texas A&M Corpus Chris,16,68,67.3,537
2021,856,Gonzaga,1,2,96.5,1
2021,852,Illinois,1,32,93.9,11
2021,871,Baylor,1,1,93.6,14
2021,844,Michigan,1,8,88.6,84
2021,850,Iowa,2,32,90.8,42
2021,853,Houston,2,4,90.6,46
2021,835,Ohio St.,2,64,89.4,64
2021,874,Alabama,2,16,88.8,80
2021,823,Texas,3,64,86.8,129
2021,811,West Virginia,3,32,86.6,137
2021,872,Arkansas,3,8,86.3,149
2021,849,Kansas,3,32,83.5,247
2021,813,Virginia,4,64,88.1,93
2021,859,Florida St.,4,16,86.8,129
2021,829,Purdue,4,64,86.5,141
2021,833,Oklahoma St.,4,32,84.9,191
2021,864,Creighton,5,16,87,125
2021,866,Colorado,5,32,86,158
2021,824,Tennessee,5,64,85.8,165
2021,814,Villanova,5,16,84.8,198
2021,821,Texas Tech,6,32,86.4,145
2021,817,USC,6,8,85.8,165
2021,827,San Diego St.,6,64,85.6,171
2021,870,BYU,6,64,84.5,210
2021,865,Connecticut,7,64,85.3,180
2021,831,Oregon,7,16,84.6,208
2021,860,Florida,7,32,83,264
2021,869,Clemson,7,64,82.4,296
2021,838,North Carolina,8,64,86.1,154
2021,847,Loyola Chicago,8,16,85.1,183
2021,846,LSU,8,32,85.1,183
2021,834,Oklahoma,8,32,81.2,347
2021,808,Wisconsin,9,32,87.3,115
2021,826,St. Bonaventure,9,64,82.9,272
2021,842,Missouri,9,64,81.8,315
2021,857,Georgia Tech,9,64,79.8,376
2021,845,Maryland,10,32,84.4,216
2021,828,Rutgers,10,32,84.1,229
2021,815,VCU,10,64,81.7,321
2021,812,Virginia Tech,10,64,81.2,347
2021,825,Syracuse,11,16,83.1,258
2021,843,Michigan St.,11,68,82.9,272
2021,816,Utah St.,11,64,82.4,296
2021,819,UCLA,11,4,81.9,310
2021,810,Wichita St.,11,68,79.9,373
2021,863,Drake,11,64,77.6,424
2021,858,Georgetown,12,64,81.3,339
2021,830,Oregon St.,12,8,79.7,379
2021,820,UC Santa Barbara,12,64,78.4,407
2021,809,Winthrop,12,64,78.4,407
2021,837,North Texas,13,32,78.2,412
2021,818,UNC Greensboro,13,64,77.8,421
2021,836,Ohio,13,32,77.5,426
2021,848,Liberty,13,64,77,430
2021,867,Colgate,14,64,79.6,382
2021,875,Abilene Christian,14,32,77,430
2021,861,Eastern Washington,14,64,76.1,448
2021,841,Morehead St.,14,64,73.7,477
2021,855,Grand Canyon,15,64,74.7,467
2021,832,Oral Roberts,15,16,73.3,483
2021,868,Cleveland St.,15,64,71.8,500
2021,851,Iona,15,64,71.8,500
2021,862,Drexel,16,64,72.4,495
2021,854,Hartford,16,64,70.9,513
2021,873,Appalachian St.,16,68,70.3,517
2021,840,Mount St. Mary's,16,68,68.9,526
2021,822,Texas Southern,16,64,68.8,527
2021,839,Norfolk St.,16,64,68.3,531
2019,798,Duke,1,8,96.3,3
2019,745,Virginia,1,1,95.2,5
2019,792,Gonzaga,1,8,95,7
2019,770,North Carolina,1,16,93.2,16
2019,778,Michigan St.,2,4,92.3,22
2019,785,Kentucky,2,8,91.3,30
2019,753,Tennessee,2,16,91.2,33
2019,779,Michigan,2,16,91,37
2019,752,Texas Tech,3,2,89.7,57
2019,760,Purdue,3,8,89,71
2019,791,Houston,3,16,88.4,88
2019,782,LSU,3,16,87,125
2019,744,Virginia Tech,4,16,89,71
2019,795,Florida St.,4,16,87.9,98
2019,787,Kansas,4,32,86.7,135
2019,786,Kansas St.,4,64,86.1,154
2019,805,Auburn,5,4,89.3,66
2019,742,Wisconsin,5,64,86.5,141
2019,775,Mississippi St.,5,64,85.7,168
2019,781,Marquette,5,64,84.4,216
2019,788,Iowa St.,6,64,86.4,145
2019,746,Villanova,6,32,86.3,149
2019,801,Buffalo,6,32,86.1,154
2019,780,Maryland,6,32,85.1,183
2019,783,Louisville,7,64,85.9,162
2019,772,Nevada,7,64,85.4,178
2019,800,Cincinnati,7,64,84.8,198
2019,741,Wofford,7,32,84.4,216
2019,755,Syracuse,8,64,84,230
2019,749,Utah St.,8,64,82.3,300
2019,748,VCU,8,64,81.7,321
2019,776,Mississippi,8,64,80.8,360
2019,764,Oklahoma,9,32,83,264
2019,750,UCF,9,32,82.6,286
2019,743,Washington,9,32,82.2,305
2019,804,Baylor,9,32,81.7,321
2019,796,Florida,10,32,83.9,235
2019,789,Iowa,10,32,83.6,243
2019,757,Seton Hall,10,64,81.6,328
2019,777,Minnesota,10,32,80.9,358
2019,758,Saint Mary's,11,64,82.6,286
2019,765,Ohio St.,11,32,82.4,296
2019,803,Belmont,11,64,80.8,360
2019,806,Arizona St.,11,64,80.7,362
2019,754,Temple,11,68,79.4,389
2019,756,St. John's,11,68,78.8,398
2019,762,Oregon,12,16,82.6,286
2019,773,Murray St.,12,32,81.3,339
2019,771,New Mexico St.,12,64,80.9,358
2019,784,Liberty,12,32,78.4,407
2019,747,Vermont,13,64,79.3,391
2019,767,Northeastern,13,64,78.6,400
2019,751,UC Irvine,13,32,78,417
2019,759,Saint Louis,13,64,77,430
2019,740,Yale,14,64,77.3,427
2019,766,Northern Kentucky,14,64,77.1,428
2019,763,Old Dominion,14,64,77,430
2019,793,Georgia St.,14,64,76.3,441
2019,774,Montana,15,64,76.2,444
2019,799,Colgate,15,64,75,462
2019,802,Bradley,15,64,72.9,489
2019,807,Abilene Christian,15,64,71.7,503
2019,790,Iona,16,64,72.3,496
2019,794,Gardner Webb,16,64,71.9,498
2019,768,North Dakota St.,16,64,70.3,517
2019,761,Prairie View A&M,16,68,70,519
2019,797,Fairleigh Dickinson,16,64,69.6,523
2019,769,North Carolina Central,16,68,65.5,542
2018,678,Villanova,1,1,94.9,8
2018,677,Virginia,1,64,93.1,18
2018,718,Kansas,1,4,90.9,39
2018,672,Xavier,1,32,88.9,77
2018,725,Duke,2,8,92.6,19
2018,730,Cincinnati,2,32,91.1,35
2018,696,Purdue,2,16,91.1,35
2018,703,North Carolina,2,32,90.6,46
2018,709,Michigan St.,3,32,91.7,27
2018,710,Michigan,3,2,88.5,87
2018,682,Texas Tech,3,8,87.3,115
2018,686,Tennessee,3,32,87.2,119
2018,721,Gonzaga,4,16,89.5,60
2018,674,Wichita St.,4,64,88,94
2018,738,Arizona,4,64,87.9,98
2018,735,Auburn,4,32,84,230
2018,675,West Virginia,5,16,88.6,84
2018,716,Kentucky,5,16,88.2,92
2018,700,Ohio St.,5,32,85.6,171
2018,729,Clemson,5,16,84.2,225
2018,724,Florida,6,32,86.4,145
2018,720,Houston,6,32,86.2,152
2018,687,TCU,6,64,84.8,198
2018,711,Miami FL,6,64,83.9,235
2018,684,Texas A&M,7,16,83.6,243
2018,736,Arkansas,7,64,83.3,255
2018,694,Rhode Island,7,32,83.1,258
2018,705,Nevada,7,16,81.8,315
2018,692,Seton Hall,8,32,85.1,183
2018,727,Creighton,8,64,83.4,253
2018,676,Virginia Tech,8,64,83.4,253
2018,708,Missouri,8,64,78.5,402
2018,723,Florida St.,9,8,83.6,243
2018,739,Alabama,9,32,82.2,305
2018,701,North Carolina St.,9,64,81.7,321
2018,717,Kansas St.,9,8,81.5,332
2018,732,Butler,10,32,84.7,202
2018,685,Texas,10,64,82.9,272
2018,699,Oklahoma,10,64,82.1,308
2018,697,Providence,10,64,81.3,339
2018,681,UCLA,11,68,83.2,256
2018,688,Syracuse,11,16,81.9,310
2018,693,San Diego St.,11,64,81.7,321
2018,737,Arizona St.,11,68,81.3,339
2018,713,Loyola Chicago,11,4,81.3,339
2018,690,St. Bonaventure,11,64,80.3,365
2018,726,Davidson,12,64,81.9,310
2018,704,New Mexico St.,12,64,79.8,376
2018,706,Murray St.,12,64,78.9,395
2018,691,South Dakota St.,12,64,78.1,415
2018,733,Buffalo,13,32,79.1,393
2018,679,UNC Greensboro,13,64,78,417
2018,728,College of Charleston,13,64,76.4,439
2018,712,Marshall,13,32,75.6,454
2018,734,Bucknell,14,64,78.3,410
2018,707,Montana,14,64,76.8,434
2018,689,Stephen F. Austin,14,64,74.8,465
2018,673,Wright St.,14,64,74.3,472
2018,722,Georgia St.,15,64,76,449
2018,719,Iona,15,64,74.8,465
2018,715,Lipscomb,15,64,72.5,494
2018,731,Cal St. Fullerton,15,64,71.9,498
2018,698,Penn,16,64,75.6,454
2018,680,UMBC,16,32,71.4,505
2018,695,Radford,16,64,70.9,513
2018,683,Texas Southern,16,64,67.9,534
2018,714,LIU Brooklyn,16,68,67.6,536
2018,702,North Carolina Central,16,68,65.3,543
2017,612,Villanova,1,32,95.2,5
2017,658,Gonzaga,1,2,93.7,13
2017,654,Kansas,1,8,92.2,25
2017,638,North Carolina,1,1,91.7,27
2017,663,Duke,2,32,92.3,22
2017,651,Kentucky,2,8,92.3,22
2017,650,Louisville,2,32,90.8,42
2017,671,Arizona,2,16,89,71
2017,618,UCLA,3,16,88,94
2017,669,Baylor,3,16,87.7,105
2017,631,Oregon,3,4,87.3,115
2017,659,Florida St.,3,32,87.2,119
2017,608,West Virginia,4,16,90.8,42
2017,628,Purdue,4,16,88.6,84
2017,661,Florida,4,8,87.8,101
2017,667,Butler,4,16,86.5,141
2017,611,Virginia,5,32,90,53
2017,656,Iowa St.,5,32,87.9,98
2017,633,Notre Dame,5,32,86.7,135
2017,643,Minnesota,5,64,81.2,347
2017,624,SMU,6,64,88.4,88
2017,666,Cincinnati,6,32,87.4,111
2017,665,Creighton,6,64,84.4,216
2017,648,Maryland,6,64,82.5,293
2017,626,Saint Mary's,7,32,87.4,111
2017,646,Michigan,7,16,86.9,127
2017,623,South Carolina,7,4,83.1,258
2017,664,Dayton,7,64,82.8,278
2017,605,Wisconsin,8,16,87.8,101
2017,647,Miami FL,8,64,84.6,208
2017,670,Arkansas,8,32,83.2,256
2017,634,Northwestern,8,32,82.6,286
2017,615,Vanderbilt,9,64,83.8,237
2017,625,Seton Hall,9,64,83,264
2017,645,Michigan St.,9,32,82.8,278
2017,610,Virginia Tech,9,64,80,371
2017,607,Wichita St.,10,32,88.9,77
2017,632,Oklahoma St.,10,64,84.7,202
2017,649,Marquette,10,64,83,264
2017,614,VCU,10,64,82.9,272
2017,627,Rhode Island,11,32,84,230
2017,653,Kansas St.,11,64,83.1,258
2017,609,Wake Forest,11,68,83,264
2017,604,Xavier,11,8,82.3,300
2017,629,Providence,11,68,81.8,315
2017,616,USC,11,32,81.2,347
2017,644,Middle Tennessee,12,32,81.3,339
2017,641,Nevada,12,64,80.7,362
2017,617,UNC Wilmington,12,64,80.2,368
2017,630,Princeton,12,64,80,371
2017,613,Vermont,13,64,79.5,387
2017,662,East Tennessee St.,13,64,78.1,415
2017,668,Bucknell,13,64,77.9,420
2017,606,Winthrop,13,64,75.5,457
2017,660,Florida Gulf Coast,14,64,75.8,452
2017,640,New Mexico St.,14,64,75.6,454
2017,657,Iona,14,64,75.5,457
2017,652,Kent St.,14,64,74.3,472
2017,620,Troy,15,64,73.3,483
2017,635,Northern Kentucky,15,64,72.8,491
2017,636,North Dakota,15,64,72.3,496
2017,655,Jacksonville St.,15,64,71.2,508
2017,637,North Carolina Central,16,68,71,510
2017,621,Texas Southern,16,64,71,510
2017,619,UC Davis,16,64,69.9,520
2017,642,Mount St. Mary's,16,64,69.8,522
2017,639,New Orleans,16,68,69.2,525
2017,622,South Dakota St.,16,64,72.8,491
2016,578,Kansas,1,8,94.5,10
2016,570,North Carolina,1,2,93.9,11
2016,542,Virginia,1,8,92.5,21
2016,566,Oregon,1,8,88,94
2016,572,Michigan St.,2,64,91.8,26
2016,543,Villanova,2,1,91.3,30
2016,567,Oklahoma,2,4,90,53
2016,537,Xavier,2,32,87.7,105
2016,540,West Virginia,3,64,89.3,66
2016,574,Miami FL,3,16,87.1,121
2016,552,Texas A&M,3,16,86.8,129
2016,546,Utah,3,32,86.6,137
2016,577,Kentucky,4,32,90.7,45
2016,591,Duke,4,16,87.3,115
2016,579,Iowa St.,4,16,86.5,141
2016,597,California,4,64,85.6,171
2016,562,Purdue,5,64,88.7,81
2016,582,Indiana,5,16,87.4,111
2016,575,Maryland,5,16,87.4,111
2016,601,Baylor,5,64,85.5,177
2016,603,Arizona,6,64,89,71
2016,553,Texas,6,64,84.7,202
2016,560,Seton Hall,6,64,84.5,210
2016,568,Notre Dame,6,8,84.4,216
2016,580,Iowa,7,32,85.9,162
2016,538,Wisconsin,7,16,84.8,198
2016,592,Dayton,7,64,82.4,296
2016,565,Oregon St.,7,64,77.6,424
2016,561,Saint Joseph's,8,32,81.6,328
2016,594,Colorado,8,64,81.5,332
2016,547,USC,8,64,81.4,335
2016,551,Texas Tech,8,64,81.3,339
2016,593,Connecticut,9,32,85.3,180
2016,599,Butler,9,32,84.2,225
2016,595,Cincinnati,9,64,83.7,241
2016,563,Providence,9,32,82.5,293
2016,544,VCU,10,32,83.1,258
2016,555,Syracuse,10,4,82.7,283
2016,564,Pittsburgh,10,64,82.3,300
2016,554,Temple,10,64,78.5,402
2016,539,Wichita St.,11,32,86.6,137
2016,587,Gonzaga,11,16,86,158
2016,545,Vanderbilt,11,68,85.6,171
2016,569,Northern Iowa,11,32,80.2,368
2016,550,Tulsa,11,68,79.9,373
2016,573,Michigan,11,64,79.6,382
2016,536,Yale,12,32,80.2,368
2016,576,Little Rock,12,32,78.9,395
2016,559,South Dakota St.,12,64,78.6,400
2016,596,Chattanooga,12,64,76.6,437
2016,581,Iona,13,64,78.2,412
2016,584,Hawaii,13,32,78,417
2016,548,UNC Wilmington,13,64,77.7,422
2016,556,Stony Brook,13,64,77.1,428
2016,557,Stephen F. Austin,14,32,81,357
2016,588,Fresno St.,14,64,76.6,437
2016,586,Green Bay,14,64,76.2,444
2016,600,Buffalo,14,64,75.7,453
2016,598,Cal St. Bakersfield,15,64,75,462
2016,571,Middle Tennessee,15,32,75,462
2016,549,UNC Asheville,15,64,74.2,475
2016,541,Weber St.,15,64,73.3,483
2016,589,Florida Gulf Coast,16,64,71.4,505
2016,602,Austin Peay,16,64,68.8,527
2016,585,Hampton,16,64,68.6,529
2016,558,Southern,16,68,68,532
2016,583,Holy Cross,16,64,66.8,538
2016,590,Fairleigh Dickinson,16,68,66.7,539